{"assets/AppIcon750.jpeg":["assets/AppIcon750.jpeg"],"assets/LeagueLogo.png":["assets/LeagueLogo.png"],"assets/csgoLogo.png":["assets/csgoLogo.png"],"assets/dota2logo.png":["assets/dota2logo.png"],"assets/icons8-counter-strike-200.png":["assets/icons8-counter-strike-200.png"],"assets/icons8-dota-2-96.png":["assets/icons8-dota-2-96.png"],"assets/icons8-league-of-legends-96.png":["assets/icons8-league-of-legends-96.png"],"assets/logoonlylight.png":["assets/logoonlylight.png"],"assets/logoonlylight200.png":["assets/logoonlylight200.png"],"assets/transparent.png":["assets/transparent.png"],"assets/trophy.png":["assets/trophy.png"],"packages/cupertino_icons/assets/CupertinoIcons.ttf":["packages/cupertino_icons/assets/CupertinoIcons.ttf"],"packages/day_night_time_picker/assets/moon.png":["packages/day_night_time_picker/assets/moon.png"],"packages/day_night_time_picker/assets/sun.png":["packages/day_night_time_picker/assets/sun.png"],"packages/font_awesome_flutter/lib/fonts/fa-brands-400.ttf":["packages/font_awesome_flutter/lib/fonts/fa-brands-400.ttf"],"packages/font_awesome_flutter/lib/fonts/fa-regular-400.ttf":["packages/font_awesome_flutter/lib/fonts/fa-regular-400.ttf"],"packages/font_awesome_flutter/lib/fonts/fa-solid-900.ttf":["packages/font_awesome_flutter/lib/fonts/fa-solid-900.ttf"]}